"Family";"Genus";"Species";"FA";"LMA";"N";"P";"NPratio";"RF";"SP";"TF";"AP";"Species";"LMA";"N";"P";"NPratio"
"Fabaceae";"Albizia";"Albizia niopoides";6,38;75;32,1;1,61;NA;"Semidecidua";"Entomofilia";"Legume";35;"Lithraea_brasiliensis";129,37;21,17;1,68;12,61
"Cyatheaceae";"Alsophila";"Alsophila setosa";NA;NA;NA;NA;NA;"Perene";"Anemofilia";"SF";8;"Cedrela_fissilis";102;23,85;1,25;19,08
"Araucariaceae";"Araucaria";"Araucaria angustifolia";1,8;109,9;8,4;0,45;18,66;"Perene";"Anemofilia";"SF";35;"Zanthoxylum_rhoifolium";89,45;22,4023325100707;1,43565212783121;17,0375659235562
"Apocynaceae";"Aspidosperma";"Aspidosperma australe";NA;50,8;26;5,3;NA;"Semidecidua";"Entomofilia";"Foliculo";20;"Balfourodendron_riedelianum";87,5906058898164;22,5667402651452;1,44842162760812;17,0148420906532
"Fabaceae";"Ateleia";"Ateleia glazioveana";149,76;NA;32,16;0,42;76,57;"Decidua";"Entomofilia";"Samara";25;"Picrasma_crenata";84,0723149110321;22,5006898610284;1,48725197031843;16,6932598969496
"Rutaceae";"Balfourodendron";"Balfourodendron riedelianum";20,42;NA;NA;NA;NA;"Decidua";"Entomofilia";"Samara";20;"Matayba_elaeagnoides";80,9;25,61;1,93;13,26
"Myrtaceae";"Campomanesia";"Campomanesia xanthocarpa";10,98;50,4;21,54;1,29;16,69;"Decidua";"Entomofilia";"Baga";25;"Diatenopteryx_sorbifolia";64,6;23,177438656919;1,87148700766004;13,0360009286913
"Salicaceae";"Casearia";"Casearia decandra";27,69;37,5;28,82;1,33;21,66;"Decidua";"Entomofilia";"Capsula";18;"Cupania_vernalis";96,5;18,68;1,87;9,98
"Salicaceae";"Casearia";"Casearia sylvestris";13,44;64,2;18,79;2,22;8,46;"Perene";"Entomofilia";"Capsula";20;"Luehea_divaricata";41;16,59;1,52;10,91
"Meliaceae";"Cedrela";"Cedrela fissilis";848,69;102;23,85;1,25;19,08;"Decidua";"Entomofilia";"Capsula";40;"Sebastiania_klotzschiana";70,4;27,78;1,63;17,04
"Cannabaceae";"Celtis";"Celtis iguanaea";22,12;111,11;NA;NA;NA;"Semidecidua";"Anemofilia";"Drupa";9;"Sapium_glandulosum";76,3;34,4;1,95;17,64
"Lauraceae";"Cinnamomum";"Cinnamomum camphora";14,21;NA;NA;NA;NA;"Perene";"Entomofilia";"Globoso";15;"Casearia_sylvestris";64,2;18,79;2,22;8,46
"Cordiaceae";"Cordia";"Cordia americana";5,33;NA;NA;NA;NA;"Decidua";"Entomofilia";"Drupa";25;"Casearia_decandra";37,5;28,82;1,33;21,66
"Sapindaceae";"Cupania";"Cupania vernalis";382,97;96,5;18,68;1,87;9,98;"Perene";"Entomofilia";"Capsula";25;"Erythroxylum_deciduum";62,07;24,0147675860508;1,65645076455635;16,1202395707902
"Fabaceae";"Dalbergia";"Dalbergia frutescens";13,01;NA;NA;NA;NA;"Decidua";"Entomofilia";"Samara";4;"Urera_baccifera";19,22;27,8117546522547;1,91491644383629;16,0733471297224
"Sapindaceae";"Diatenopteryx";"Diatenopteryx sorbifolia";49,01;64,6;NA;NA;NA;"Decidua";"Melitofilia";"Samara";20;"Celtis_iguanaea";111,11;19,6868345338912;1,28385639687032;17,1963435907872
"Dicksoniaceae";"Dicksonia";"Dicksonia sellowiana";NA;NA;21,06;1,72;12,24;"Perene";"Anemofilia";"SF";10;"Prunus_myrtifolia";63,7;23,8788299938064;1,60944739509272;16,616941455418
"Erythroxylaceae";"Erythroxylum";"Erythroxylum deciduum";NA;62,07;NA;NA;NA;"Decidua";"Entomofilia";"Drupa";8;"Dalbergia_frutescens";75,3977431480816;23,6411021649897;1,40000161627806;22,7743585254365
"Myrtaceae";"Eucalyptus";"Eucalyptus grandis";NA;NA;21,68;0,74;29,29;"Perene";"Anemofilia";"Capsula";45;"Machaerium_stipitatum";75,3977431480816;23,6411021649897;1,40000161627806;22,7743585254365
"Aquifoliaceae";"Ilex";"Ilex brevicuspis";NA;NA;NA;NA;NA;"Perene";"Melitofilia";"Drupa";25;"Ateleia_glazioveana";49,7991304426334;32,16;0,42;76,57
"Aquifoliaceae";"Ilex";"Ilex paraguariensis";18,11;68,5;25,58;1,17;21,86;"Perene";"Entomofilia";"Drupa";30;"Myrocarpus_frondosus";50,2;28,4028074016456;1,10490184422618;44,3825566665139
"Anacardiaceae";"Lithraea";"Lithraea brasiliensis";10,7;129,37;21,17;1,68;12,61;"Semidecidua";"Melitofilia";"Drupa";16;"Albizia_niopoides";75;32,1;1,61;24,8678976321803
"Malvaceae";"Luehea";"Luehea divaricata";52,21;41;16,59;1,52;10,91;"Decidua";"Entomofilia";"Capsula";30;"Parapiptadenia_rigida";77,2;22,24;1,17;19,01
"Fabaceae";"Machaerium";"Machaerium stipitatum";42,6;NA;NA;NA;NA;"Perene";"Melitofilia";"Samara";25;"Myrciaria_tenella";58,38;22,7025788010353;1,41944222743047;17,2646572286765
"Sapindaceae";"Matayba";"Matayba elaeagnoides";169,4;80,9;25,61;1,93;13,26;"Perene";"Melitofilia";"Capsula";20;"Campomanesia_xanthocarpa";50,4;21,54;1,29;16,69
"Myrtaceae";"Myrcianthes";"Myrcianthes gigantea";11,23;120,9;NA;NA;NA;"Perene";"Melitofilia";"Baga";26;"Myrcianthes_gigantea";120,9;18,0428319954624;1,07571471669264;18,2504787212929
"Myrtaceae";"Myrciaria";"Myrciaria tenella";NA;58,38;NA;NA;NA;"Semidecidua";"Entomofilia";"Baga";6;"Eucalyptus_grandis";84,6766468436935;21,68;0,74;29,29
"Fabaceae";"Myrocarpus";"Myrocarpus frondosus";NA;50,2;NA;NA;NA;"Decidua";"Entomofilia";"Samara";35;"Ruprechtia_laxiflora";55,03;24,6176128165618;1,67211220607927;16,3681055055052
"Primulaceae";"Myrsine";"Myrsine coriacea";12,94;96,25;NA;NA;NA;"Perene";"Entomofilia";"Drupa";10;"Cordia_americana";78,1429549788567;22,6238360029869;1,67575532494101;13,3867859128596
"Primulaceae";"Myrsine";"Myrsine umbellata";43,91;76,9;14,04;0,91;15,42;"Perene";"Entomofilia";"Drupa";20;"Rudgea_parquioides";76,6017521624417;22,8141356053854;1,88003815044029;9,54191577118494
"Lauraceae";"Nectandra";"Nectandra lanceolata";32,4;NA;27,68;1,82;15,2;"Perene";"Melitofilia";"Baga";25;"Psychotria_spec";76,6017521624417;22,8141356053854;1,88003815044029;9,54191577118494
"Lauraceae";"Nectandra";"Nectandra megapotamica";18,41;62,1;24,82;1,04;23,86;"Perene";"Anemofilia";"Baga";25;"Rauvolfia_sellowii";66,1509906402372;24,1045405678307;3,26526212591941;-16,5298124312936
"Lauraceae";"Ocotea";"Ocotea diospyrifolia";89,05;NA;NA;NA;NA;"Perene";"Anemofilia";"Baga";22;"Aspidosperma_australe";50,8;26;5,3;-54,8262422905656
"Lauraceae";"Ocotea";"Ocotea puberula";31,79;68,2;26,39;1,44;18,32;"Perene";"Entomofilia";"Baga";25;"Ilex_brevicuspis";74,2810149556443;23,9116247366177;1,36825645232447;18,6939736974907
"Lauraceae";"Mespilodaphne";"Ocotea pulchella";6,7;120,63;20,25;0,91;22,25;"Perene";"Entomofilia";"Baga";30;"Ilex_paraguariensis";68,5;25,58;1,17;21,86
"Fabaceae";"Parapiptadenia";"Parapiptadenia rigida";76,15;77,2;22,24;1,17;19,01;"Semidecidua";"Entomofilia";"Legume";35;"Myrsine_coriacea";96,25;16,9591912349781;1,1083106468717;16,2310534991563
"Simaroubaceae";"Picrasma";"Picrasma crenata";207,7;NA;NA;NA;NA;"Decidua";"Entomofilia";"Drupa";15;"Myrsine_umbellata";76,9;14,04;0,91;15,42
"Pinaceae";"Pinus";"Pinus";NA;NA;7,95;0,42;18,92;"Perene";"Anemofilia";"SF";30;"Syagrus_romanzoffiana";178,57;13,7581466665458;0,819213731140565;17,9547147187743
"Rosaceae";"Prunus";"Prunus myrtifolia";9,9;63,7;NA;NA;NA;"Perene";"Entomofilia";"Drupa";15;"Cinnamomum_camphora";80,3830413842498;22,5134873084677;1,48835921238111;16,8432218311746
"Rubiaceae";"Psychotria";"Psychotria spec";25;NA;NA;NA;NA;"Perene";"Entomofilia";"Drupa";3;"Ocotea_pulchella";120,63;20,25;0,91;22,25
"Apocynaceae";"Rauvolfia";"Rauvolfia sellowii";45,98;NA;NA;NA;NA;"Semidecidua";"Entomofilia";"Drupa";25;"Ocotea_puberula";68,2;26,39;1,44;18,32
"Rubiaceae";"Rudgea";"Rudgea parquioides";15,87;NA;NA;NA;NA;"Perene";"Entomofilia";"Drupa";2;"Nectandra_megapotamica";62,1;24,82;1,04;23,86
"Polygonaceae";"Ruprechtia";"Ruprechtia laxiflora";8,88;55,03;NA;NA;NA;"Decidua";"Entomofilia";"Aquenio";12;"Nectandra_lanceolata";68,1059800278859;27,68;1,82;15,2
"Euphorbiaceae";"Sapium";"Sapium glandulosum";NA;76,3;34,4;1,95;17,64;"Decidua";"Entomofilia";"Capsula";20;"Ocotea_diospyrifolia";80,3830413842498;22,5134873084677;1,48835921238111;16,8432218311746
"Euphorbiaceae";"Sebastiania";"Sebastiania klotzschiana";9,91;70,4;27,78;1,63;17,04;"Decidua";"Entomofilia";"Capsula";20;"Araucaria_angustifolia";109,9;8,4;0,45;18,66
"Arecaceae";"Syagrus";"Syagrus romanzoffiana";47940,8;178,57;NA;NA;NA;"Perene";"Entomofilia";"Drupa";30;"Pinus";114,107730869569;7,95;0,42;18,92
"Urticaceae";"Urera";"Urera baccifera";157,57;19,22;NA;NA;NA;"Decidua";"Entomofilia";"Baga";5;"Alsophila_setosa";80,2383144125533;21,8028231980293;1,60417086778702;14,609983910912
"Rutaceae";"Zanthoxylum";"Zanthoxylum rhoifolium";55,69;89,45;NA;NA;NA;"Semidecidua";"Entomofilia";"Capsula";23;"Dicksonia_sellowiana";81,0090051469579;21,06;1,72;12,24
