Species;Voltinism;Respiration;Locomotion;F_microorganisms;F_detritus;F_dead_plants;F_living_microphytes;F_living_leaf_tissue;F_dead_animals;F_Living_Microinvertebrates;F_living_macroinvertebrates;Maximum_body_size
Aranae;univoltine;Tegument_traqueal;Crawler;0;0;0;0;0;0;1;1;25
Atrichopogon_1;bi_multivontine;Tegument_traqueal;Full_water_swimmer;0;0;0;0;0;0;1;1;4.1
Calliphoridae_1;bi_multivontine;Siphon_spiracle;Crawler;0;0;0;0;0;1;0;0;7.2
Ceratopogonidae_1;bi_multivontine;Tegument_traqueal;Full_water_swimmer;0;0;0;0;0;0;1;1;1.6
Ceratopogonidae_2;bi_multivontine;Tegument_traqueal;Full_water_swimmer;0;0;0;0;0;0;1;1;7.8
Clogmia_1;bi_multivontine;Siphon_spiracle;Full_water_swimmer;1;1;0;0;0;0;0;0;12.8
Clogmia_2;bi_multivontine;Siphon_spiracle;Full_water_swimmer;1;1;0;0;0;0;0;0;9.1
Culex_1;bi_multivontine;Siphon_spiracle;Full_water_swimmer;1;1;0;1;0;0;0;0;6.1
Culicoides_1;univoltine;Tegument_traqueal;Crawler;0;0;0;0;0;0;1;1;5.4
Curculionidae_1;bi_multivontine;Gill;Crawler;0;0;0;0;1;0;0;0;1.6
Curculionidae_aulto_1;bi_multivontine;Plastron;Flier;0;0;0;0;1;0;0;0;4
Dasyhelea_1;univoltine;Tegument_traqueal;Crawler;1;1;0;0;0;0;0;0;4.9
Elmidae_1;univoltine;Gill;Crawler;0;1;0;0;0;0;0;0;2.4
Elmidae_2;univoltine;Gill;Crawler;0;1;0;0;0;0;0;0;2.6
Elmidae_adulto_1;univoltine;Plastron;Flier;0;1;0;0;0;0;0;0;7.1
Empididae_1;univoltine;Siphon_spiracle;Crawler;0;0;0;0;0;0;1;1;1.8
Entomobrya_1;univoltine;Tegument_traqueal;Surface_swimmer;1;0;0;0;0;0;0;0;2.4
Forcipomyia_1;univoltine;Siphon_spiracle;Crawler;1;0;0;1;0;0;0;0;3.9
Formicidae;univoltine;Siphon_spiracle;Crawler;0;0;1;0;0;1;0;1;10
Hebridae_1;bi_multivontine;Siphon_spiracle;Surface_swimmer;0;0;0;0;0;0;1;0;2.1
Hebridae_2;bi_multivontine;Siphon_spiracle;Surface_swimmer;0;0;0;0;0;0;1;0;1.2
Hemisotoma_1;univoltine;Tegument_traqueal;Surface_swimmer;1;0;0;0;0;0;0;0;1.3
Hydracarina_1;univoltine;Tegument_traqueal;Full_water_swimmer;0;0;0;0;0;0;1;0;0.8
Hydracarina_2;univoltine;Tegument_traqueal;Full_water_swimmer;0;0;0;0;0;0;1;0;0.6
Hydracarina_3;univoltine;Tegument_traqueal;Full_water_swimmer;0;0;0;0;0;0;1;0;0.7
Isopode;univoltine;Tegument_traqueal;Crawler;0;1;1;0;0;0;0;0;15
Katiannidae_1;univoltine;Tegument_traqueal;Surface_swimmer;1;0;0;0;0;0;0;0;1.1
Lepidocyrtus_1;univoltine;Tegument_traqueal;Surface_swimmer;1;0;0;0;0;0;0;0;1
Limatus_1;bi_multivontine;Siphon_spiracle;Full_water_swimmer;1;1;0;0;0;0;0;0;7.5
Meghimatium_pictum;univoltine;Tegument_traqueal;Crawler;0;0;0;0;1;0;0;0;28
Mecistogaster_1;univoltine;Gill;Full_water_swimmer;0;0;0;0;0;0;1;0;15.3
Megaselia_1;bi_multivontine;Siphon_spiracle;Crawler;0;1;0;0;0;0;0;0;4.3
Megaselia_2;bi_multivontine;Siphon_spiracle;Crawler;0;1;0;0;0;0;0;0;6.6
Mesovelidae_1;univoltine;Siphon_spiracle;Surface_swimmer;0;0;0;0;0;0;1;0;1.9
Nematodea_1;univoltine;Tegument_traqueal;Crawler;1;0;0;0;0;0;0;0;6.4
Oligochaeta;bi_multivontine;Tegument_traqueal;Crawler;0;1;1;0;0;0;0;0;16.2
Orthocladiinae_1;univoltine;Tegument_traqueal;Crawler;1;1;0;1;0;0;0;0;4.5
Orthocladiinae_2;univoltine;Tegument_traqueal;Crawler;1;1;0;1;0;0;0;0;4.2
Phoridae_1;bi_multivontine;Siphon_spiracle;Crawler;0;1;0;0;0;0;0;0;3.1
Phoridae_2;bi_multivontine;Siphon_spiracle;Crawler;0;1;0;0;0;0;0;0;4.3
Phoridae_3;bi_multivontine;Siphon_spiracle;Crawler;0;1;0;0;0;0;0;0;1.3
Psychoda_1;bi_multivontine;Siphon_spiracle;Full_water_swimmer;1;1;0;0;0;0;0;0;4.3
Pyrgodesmidae_1;bi_multivontine;Tegument_traqueal;Crawler;1;1;0;0;0;0;0;0;22.2
Sarcophagidae_1;bi_multivontine;Siphon_spiracle;Crawler;0;0;0;0;0;1;0;0;4.2
Sciomyzidae_1;bi_multivontine;Siphon_spiracle;Crawler;0;0;0;0;0;0;1;0;7.2
Sciomyzidae_2;bi_multivontine;Siphon_spiracle;Crawler;0;0;0;0;0;0;1;0;4.8
Scirtes_1;univoltine;Plastron;Full_water_swimmer;0;1;0;0;0;0;0;0;12.1
Syrphidae_2;univoltine;Siphon_spiracle;Crawler;0;0;1;0;0;1;0;0;6.8
Tabanidae_1;univoltine;Siphon_spiracle;Crawler;0;0;0;0;0;0;1;1;3.7
Tipulidae_1;univoltine;Siphon_spiracle;Full_water_swimmer;0;1;1;0;0;0;0;0;28.5
Tipulidae_2;univoltine;Siphon_spiracle;Full_water_swimmer;0;1;1;0;0;0;0;0;19.2
Toxorhynchites_1;bi_multivontine;Siphon_spiracle;Full_water_swimmer;0;0;0;0;0;0;0;1;23.4
Wyeomyia_1;univoltine;Siphon_spiracle;Full_water_swimmer;1;0;0;0;0;0;0;0;7.8
