"Family";"Genus";"species";"FA";"LMA";"N";"P";"NPratio";"RF";"SP";"TF";"AP"
"Fabaceae";"Albizia";"Albizia_niopoides";6,38;75;32,1;1,61;NA;"Semidecidua";"Entomofilia";"Legume";35
"Cyatheaceae";"Alsophila";"Alsophila_setosa";NA;NA;NA;NA;NA;"Perene";"Anemofilia";"SF";8
"Araucariaceae";"Araucaria";"Araucaria_angustifolia";1,8;109,9;8,4;0,45;18,66;"Perene";"Anemofilia";"SF";35
"Apocynaceae";"Aspidosperma";"Aspidosperma_australe";NA;50,8;26;5,3;NA;"Semidecidua";"Entomofilia";"Foliculo";20
"Fabaceae";"Ateleia";"Ateleia_glazioveana";149,76;NA;32,16;0,42;76,57;"Decidua";"Entomofilia";"Samara";25
"Rutaceae";"Balfourodendron";"Balfourodendron_riedelianum";20,42;NA;NA;NA;NA;"Decidua";"Entomofilia";"Samara";20
"Myrtaceae";"Campomanesia";"Campomanesia_xanthocarpa";10,98;50,4;21,54;1,29;16,69;"Decidua";"Entomofilia";"Baga";25
"Salicaceae";"Casearia";"Casearia_decandra";27,69;37,5;28,82;1,33;21,66;"Decidua";"Entomofilia";"Capsula";18
"Salicaceae";"Casearia";"Casearia_sylvestris";13,44;64,2;18,79;2,22;8,46;"Perene";"Entomofilia";"Capsula";20
"Meliaceae";"Cedrela";"Cedrela_fissilis";848,69;102;23,85;1,25;19,08;"Decidua";"Entomofilia";"Capsula";40
"Cannabaceae";"Celtis";"Celtis_iguanaea";22,12;111,11;NA;NA;NA;"Semidecidua";"Anemofilia";"Drupa";9
"Lauraceae";"Cinnamomum";"Cinnamomum_camphora";14,21;NA;NA;NA;NA;"Perene";"Entomofilia";"Globoso";15
"Cordiaceae";"Cordia";"Cordia_americana";5,33;NA;NA;NA;NA;"Decidua";"Entomofilia";"Drupa";25
"Sapindaceae";"Cupania";"Cupania_vernalis";382,97;96,5;18,68;1,87;9,98;"Perene";"Entomofilia";"Capsula";25
"Fabaceae";"Dalbergia";"Dalbergia_frutescens";13,01;NA;NA;NA;NA;"Decidua";"Entomofilia";"Samara";4
"Sapindaceae";"Diatenopteryx";"Diatenopteryx_sorbifolia";49,01;64,6;NA;NA;NA;"Decidua";"Melitofilia";"Samara";20
"Dicksoniaceae";"Dicksonia";"Dicksonia_sellowiana";NA;NA;21,06;1,72;12,24;"Perene";"Anemofilia";"SF";10
"Erythroxylaceae";"Erythroxylum";"Erythroxylum_deciduum";NA;62,07;NA;NA;NA;"Decidua";"Entomofilia";"Drupa";8
"Myrtaceae";"Eucalyptus";"Eucalyptus_grandis";NA;NA;21,68;0,74;29,29;"Perene";"Anemofilia";"Capsula";45
"Aquifoliaceae";"Ilex";"Ilex_brevicuspis";NA;NA;NA;NA;NA;"Perene";"Melitofilia";"Drupa";25
"Aquifoliaceae";"Ilex";"Ilex_paraguariensis";18,11;68,5;25,58;1,17;21,86;"Perene";"Entomofilia";"Drupa";30
"Anacardiaceae";"Lithraea";"Lithraea_brasiliensis";10,7;129,37;21,17;1,68;12,61;"Semidecidua";"Melitofilia";"Drupa";16
"Malvaceae";"Luehea";"Luehea_divaricata";52,21;41;16,59;1,52;10,91;"Decidua";"Entomofilia";"Capsula";30
"Fabaceae";"Machaerium";"Machaerium_stipitatum";42,6;NA;NA;NA;NA;"Perene";"Melitofilia";"Samara";25
"Sapindaceae";"Matayba";"Matayba_elaeagnoides";169,4;80,9;25,61;1,93;13,26;"Perene";"Melitofilia";"Capsula";20
"Myrtaceae";"Myrcianthes";"Myrcianthes_gigantea";11,23;120,9;NA;NA;NA;"Perene";"Melitofilia";"Baga";26
"Myrtaceae";"Myrciaria";"Myrciaria_tenella";NA;58,38;NA;NA;NA;"Semidecidua";"Entomofilia";"Baga";6
"Fabaceae";"Myrocarpus";"Myrocarpus_frondosus";NA;50,2;NA;NA;NA;"Decidua";"Entomofilia";"Samara";35
"Primulaceae";"Myrsine";"Myrsine_coriacea";12,94;96,25;NA;NA;NA;"Perene";"Entomofilia";"Drupa";10
"Primulaceae";"Myrsine";"Myrsine_umbellata";43,91;76,9;14,04;0,91;15,42;"Perene";"Entomofilia";"Drupa";20
"Lauraceae";"Nectandra";"Nectandra_lanceolata";32,4;NA;27,68;1,82;15,2;"Perene";"Melitofilia";"Baga";25
"Lauraceae";"Nectandra";"Nectandra_megapotamica";18,41;62,1;24,82;1,04;23,86;"Perene";"Anemofilia";"Baga";25
"Lauraceae";"Ocotea";"Ocotea_diospyrifolia";89,05;NA;NA;NA;NA;"Perene";"Anemofilia";"Baga";22
"Lauraceae";"Ocotea";"Ocotea_puberula";31,79;68,2;26,39;1,44;18,32;"Perene";"Entomofilia";"Baga";25
"Lauraceae";"Mespilodaphne";"Ocotea_pulchella";6,7;120,63;20,25;0,91;22,25;"Perene";"Entomofilia";"Baga";30
"Fabaceae";"Parapiptadenia";"Parapiptadenia_rigida";76,15;77,2;22,24;1,17;19,01;"Semidecidua";"Entomofilia";"Legume";35
"Simaroubaceae";"Picrasma";"Picrasma_crenata";207,7;NA;NA;NA;NA;"Decidua";"Entomofilia";"Drupa";15
"Pinaceae";"Pinus";"Pinus";NA;NA;7,95;0,42;18,92;"Perene";"Anemofilia";"SF";30
"Rosaceae";"Prunus";"Prunus_myrtifolia";9,9;63,7;NA;NA;NA;"Perene";"Entomofilia";"Drupa";15
"Rubiaceae";"Psychotria";"Psychotria_spec";25;NA;NA;NA;NA;"Perene";"Entomofilia";"Drupa";3
"Apocynaceae";"Rauvolfia";"Rauvolfia_sellowii";45,98;NA;NA;NA;NA;"Semidecidua";"Entomofilia";"Drupa";25
"Rubiaceae";"Rudgea";"Rudgea_parquioides";15,87;NA;NA;NA;NA;"Perene";"Entomofilia";"Drupa";2
"Polygonaceae";"Ruprechtia";"Ruprechtia_laxiflora";8,88;55,03;NA;NA;NA;"Decidua";"Entomofilia";"Aquenio";12
"Euphorbiaceae";"Sapium";"Sapium_glandulosum";NA;76,3;34,4;1,95;17,64;"Decidua";"Entomofilia";"Capsula";20
"Euphorbiaceae";"Sebastiania";"Sebastiania_klotzschiana";9,91;70,4;27,78;1,63;17,04;"Decidua";"Entomofilia";"Capsula";20
"Arecaceae";"Syagrus";"Syagrus_romanzoffiana";47940,8;178,57;NA;NA;NA;"Perene";"Entomofilia";"Drupa";30
"Urticaceae";"Urera";"Urera_baccifera";157,57;19,22;NA;NA;NA;"Decidua";"Entomofilia";"Baga";5
"Rutaceae";"Zanthoxylum";"Zanthoxylum_rhoifolium";55,69;89,45;NA;NA;NA;"Semidecidua";"Entomofilia";"Capsula";23
