ID;Area;Transect;Parcel;Albizia niopoides;Allophylus edulis;Alsophila setosa;Annona rugulosa;Araucaria angustifolia;Aspidosperma australe;Ateleia glazioveana;Balfourodendron riedelianum;Banara tomentosa;Campomanesia xanthocarpa;Casearia decandra;Casearia sylvestris;Cedrela fissilis;Celtis iguanaea;Chrysophyllum gonocarpum;Cinnamomum camphora;Cordia americana;Cordia trichotoma;Cupania vernalis;Dalbergia frutescens;Diatenopteryx sorbifolia;Dicksonia sellowiana;Erythroxylum deciduum;Eucalyptus grandis;Eugenia involucrata;Eugenia uniflora;Guarea macrophylla;"Helietta apiculata
";Ilex brevicuspis;Ilex paraguariensis;Inga vera;Lithraea brasiliensis;Lonchocarpus campestris;Luehea divaricata;Machaerium stipitatum;Matayba elaeagnoides;Myrcianthes gigantea;Myrciaria tenella;Myrocarpus frondosus;Myrsine coriacea;Myrsine umbellata;Nectandra lanceolata;Nectandra megapotamica;Ocotea diospyrifolia;Ocotea puberula;Ocotea pulchella;Parapiptadenia rigida;Picrasma crenata;Pinus;Prunus myrtifolia;Psychotria spec;Rauvolfia sellowii;Roupala montana;Rudgea parquioides;Ruprechtia laxiflora;Sapium glandulosum;Sebastiania klotzschiana;Sorocea bonplandii;Syagrus romanzoffiana;Trichilia elegans;Urera baccifera;Zanthoxylum rhoifolium
NF_T1_P1;Native;1;1;0;0;0;0;0;3;8;1;0;0;0;4;0;0;0;0;0;0;7;0;4;1;0;0;0;0;0;0;0;8;0;1;0;0;0;3;0;0;1;1;0;0;0;17;0;0;2;5;0;0;0;0;0;0;0;0;0;0;0;0;0;0
NF_T1_P2;Native;1;2;0;0;0;0;0;17;30;8;0;0;0;0;4;0;0;0;1;0;0;0;0;0;0;0;0;0;0;0;0;1;0;0;0;1;0;0;0;0;0;0;1;12;1;25;0;0;0;1;0;0;0;0;0;0;0;1;4;0;0;0;0;0
NF_T1_P3;Native;1;3;0;0;0;0;0;0;53;0;0;0;0;2;3;2;0;0;7;0;13;0;0;0;0;0;0;1;0;0;0;0;0;0;0;2;0;0;0;0;20;0;3;2;7;10;0;0;0;1;0;0;0;0;0;2;0;0;1;0;0;0;0;0
NF_T1_P4;Native;1;4;0;0;0;0;1;0;0;0;1;2;0;1;2;0;1;0;4;1;2;0;4;0;0;0;0;0;0;0;0;0;1;0;1;0;2;1;0;0;2;0;1;10;5;9;0;0;1;0;0;0;0;0;0;2;0;0;3;0;0;0;0;0
NF_T2_P1;Native;2;1;0;0;0;0;2;0;27;0;0;0;1;0;0;0;0;1;0;0;0;0;0;0;4;0;0;0;0;0;0;1;0;1;0;1;0;0;0;0;0;1;0;0;0;0;1;0;0;0;0;0;0;0;0;0;0;0;0;0;0;0;0;0
NF_T2_P2;Native;2;2;0;0;0;0;8;0;41;0;0;0;0;0;0;0;0;0;0;0;0;0;0;0;1;0;0;0;0;0;0;5;0;0;0;0;0;0;0;4;0;4;0;0;0;0;6;8;1;0;0;3;0;0;0;0;0;1;0;0;1;0;0;4
NF_T2_P3;Native;2;3;0;0;0;0;2;0;12;0;0;0;0;0;0;0;0;0;0;0;0;0;0;0;2;0;0;0;0;0;6;0;0;0;0;0;0;0;0;0;0;1;28;0;0;0;0;0;0;0;0;14;0;0;0;0;0;0;2;0;2;0;0;0
NF_T2_P4;Native;2;4;0;0;0;0;9;0;11;0;0;0;0;0;0;0;0;0;2;0;2;0;0;0;2;0;1;0;0;0;0;0;0;0;0;0;0;5;26;0;0;0;0;0;0;0;0;4;3;0;0;0;0;0;0;0;4;0;0;0;0;0;0;0
NF_T3_P1;Native;3;1;8;0;0;0;1;0;31;0;0;0;0;0;0;0;0;11;0;0;0;0;0;0;2;0;0;0;0;0;0;7;0;0;0;0;0;0;0;4;0;2;1;1;0;0;5;0;0;0;0;2;0;0;0;0;0;0;0;0;1;0;0;2
NF_T3_P2;Native;3;2;0;0;0;0;4;0;33;0;0;0;0;0;0;0;0;24;0;0;0;0;0;0;9;0;0;0;0;0;1;12;0;0;0;0;0;0;0;0;0;1;0;0;0;1;0;0;0;0;0;8;0;0;0;0;0;0;0;0;0;0;0;0
NF_T3_P3;Native;3;3;0;0;0;0;1;0;9;0;0;0;0;0;0;0;0;20;0;0;0;0;0;1;25;0;0;0;0;0;0;19;0;0;0;0;0;0;0;0;0;8;0;0;0;1;1;5;0;0;0;22;0;0;0;0;0;0;1;0;0;0;0;3
NF_T3_P4;Native;3;4;0;0;0;0;2;0;3;0;0;0;0;0;0;0;0;10;0;0;0;0;4;0;0;0;0;0;0;0;3;4;0;0;1;8;0;4;0;1;0;0;0;0;0;0;0;1;2;0;0;1;0;0;1;0;1;0;8;0;0;0;0;0
PI_T1_P1;Abandoned;1;1;0;0;3;0;0;0;2;0;0;0;0;0;0;0;0;0;0;0;0;0;0;0;0;0;0;0;0;0;0;0;0;0;0;3;0;0;0;0;0;0;0;1;0;0;0;0;0;0;104;0;0;0;0;0;0;0;0;0;1;0;0;1
PI_T1_P2;Abandoned;1;2;0;1;2;0;0;0;0;0;0;1;0;0;0;0;0;0;0;0;1;3;2;0;0;0;0;0;0;0;0;0;0;0;0;6;0;0;0;0;0;0;1;1;0;0;0;0;0;0;106;0;0;0;0;0;0;0;0;0;1;0;4;0
PI_T1_P3;Abandoned;1;3;0;0;7;0;0;0;0;0;0;0;0;0;1;1;0;0;0;0;0;6;3;1;0;0;0;0;0;0;0;0;0;0;0;0;0;0;0;0;0;0;0;0;3;0;0;0;0;0;125;0;0;0;0;0;0;0;0;0;0;0;0;0
PI_T1_P4;Abandoned;1;4;0;0;66;0;1;0;0;0;0;0;0;0;0;1;0;0;0;0;4;1;0;0;0;0;0;0;0;0;0;2;0;0;0;0;0;0;0;0;0;0;6;0;0;0;0;0;0;0;130;0;8;0;0;0;0;0;0;1;3;0;0;0
PI_T2_P1;Abandoned;2;1;0;0;1;0;2;0;1;0;0;0;0;0;0;0;0;0;0;0;7;0;0;0;0;0;0;0;0;0;0;4;0;0;0;0;0;0;0;0;0;0;0;0;0;0;0;0;0;0;64;0;0;0;0;0;0;0;0;0;2;0;0;0
PI_T2_P2;Abandoned;2;2;0;0;6;0;3;0;1;0;0;0;2;0;1;0;0;0;0;0;3;0;1;1;0;0;0;0;0;0;0;5;0;0;0;0;0;0;0;0;2;0;0;0;0;0;0;0;0;0;73;0;0;0;0;0;0;0;0;0;1;0;0;0
PI_T2_P3;Abandoned;2;3;0;0;8;0;4;0;0;0;0;0;1;0;0;0;0;0;0;0;1;1;4;0;0;0;0;0;0;0;0;1;0;0;0;0;0;0;0;0;1;0;0;4;0;0;0;0;0;0;78;0;0;0;0;0;0;0;0;0;2;0;0;0
PI_T2_P4;Abandoned;2;4;0;0;1;0;4;0;1;0;0;0;1;0;0;0;0;0;0;0;0;1;0;0;0;0;0;0;0;1;0;3;0;0;0;0;0;1;0;0;0;0;0;0;0;0;0;0;0;0;80;0;0;0;0;0;0;0;0;0;4;0;0;0
PI_T3_P1;Abandoned;3;1;1;0;0;0;1;0;0;0;0;0;0;0;5;0;0;0;0;0;3;12;1;0;0;0;0;0;0;0;0;1;0;0;0;0;0;0;0;0;0;0;2;0;0;0;1;0;0;0;192;0;1;1;0;2;0;0;0;0;2;1;0;0
PI_T3_P2;Abandoned;3;2;0;0;0;1;1;0;0;0;0;0;0;0;5;0;0;0;0;0;3;12;1;0;0;0;0;0;0;0;0;1;0;0;0;0;0;0;0;0;0;0;2;0;0;0;1;0;0;0;178;0;0;1;0;0;0;0;0;0;2;0;0;0
PI_T3_P3;Abandoned;3;3;0;0;0;0;0;0;0;0;0;0;2;0;1;0;0;0;0;0;7;2;1;1;0;0;0;0;0;0;0;1;0;0;0;0;0;0;0;0;0;0;0;0;0;0;0;0;0;0;184;0;0;0;0;0;0;0;0;0;0;0;0;0
PI_T3_P4;Abandoned;3;4;0;0;85;0;0;1;0;0;0;0;0;0;2;0;0;0;0;0;0;20;11;0;0;0;0;0;3;0;0;2;0;0;0;0;0;0;0;0;1;0;2;1;0;0;0;0;0;0;182;0;0;0;0;0;0;0;0;0;0;0;0;0
EU_T1_P1;Ative;1;1;0;0;0;0;0;0;0;0;0;0;0;0;0;0;0;0;0;0;0;0;0;0;0;80;0;0;0;0;0;0;0;0;0;0;0;0;0;0;0;0;0;0;0;0;0;0;0;0;0;0;0;0;0;0;0;0;0;0;0;0;0;0
EU_T1_P2;Ative;1;2;0;0;0;0;0;0;0;0;0;0;0;0;0;0;0;0;0;0;0;0;0;0;0;87;0;0;0;0;0;0;0;0;0;0;0;0;0;0;0;0;0;0;0;0;0;0;0;0;0;0;0;0;0;0;0;0;0;0;0;0;0;0
EU_T1_P3;Ative;1;3;0;0;0;0;0;0;0;0;0;0;0;0;0;0;0;0;0;0;0;0;0;0;0;76;0;0;0;0;0;0;0;0;0;0;0;0;0;0;0;0;0;0;0;0;0;0;0;0;0;0;0;0;0;0;0;0;0;0;0;0;0;0
EU_T1_P4;Ative;1;4;0;0;0;0;0;0;0;0;0;0;0;0;0;0;0;0;0;0;0;0;0;0;0;89;0;0;0;0;0;0;0;0;0;0;0;0;0;0;0;0;0;0;0;0;0;0;0;0;0;0;0;0;0;0;0;0;0;0;0;0;0;0
EU_T2_P1;Ative;2;1;0;0;0;0;0;0;0;0;0;0;0;0;0;0;0;0;0;0;0;0;0;0;0;79;0;0;0;0;0;0;0;0;0;0;0;0;0;0;0;0;0;0;0;0;0;0;0;0;0;0;0;0;0;0;0;0;0;0;0;0;0;0
EU_T2_P2;Ative;2;2;0;0;0;0;0;0;0;0;0;2;0;0;0;0;0;0;0;0;0;0;0;0;0;88;0;0;0;0;0;0;0;0;0;0;0;0;0;0;0;0;0;0;0;0;0;0;0;0;0;0;0;0;0;0;0;0;0;0;0;0;0;0
EU_T2_P3;Ative;2;3;0;0;0;0;0;0;0;0;0;1;0;0;0;0;0;0;0;0;0;0;0;0;0;87;0;0;0;0;0;0;0;0;0;0;0;0;0;0;0;0;0;0;0;0;0;0;0;0;0;0;0;0;0;0;0;0;0;0;0;0;0;0
EU_T2_P4;Ative;2;4;0;0;0;0;0;0;0;0;0;0;0;0;0;0;0;0;0;0;0;0;0;0;0;92;0;0;0;0;0;0;0;0;0;0;0;0;0;0;0;0;0;0;0;0;0;0;0;0;0;0;0;0;0;0;0;0;0;0;0;0;0;0
EU_T3_P1;Ative;3;1;0;0;0;0;0;0;0;0;0;0;0;0;0;0;0;0;0;0;0;0;0;0;0;98;0;0;0;0;0;0;0;0;0;0;0;0;0;0;0;0;0;0;0;0;0;0;0;0;0;0;0;0;0;0;0;0;0;0;0;0;4;0
EU_T3_P2;Ative;3;2;0;0;0;0;0;0;0;0;0;0;0;0;0;0;0;0;0;0;0;0;0;0;0;104;0;0;0;0;0;0;0;0;0;0;0;0;0;0;0;0;0;0;0;0;0;0;0;0;0;0;0;0;0;0;0;0;0;0;0;0;1;0
EU_T3_P3;Ative;3;3;0;0;0;0;0;0;0;0;0;0;0;0;0;0;0;0;0;0;0;0;0;0;0;95;0;0;0;0;0;0;0;0;0;0;0;0;0;0;0;0;0;0;0;0;0;0;0;0;0;0;0;0;0;0;0;0;0;0;0;0;0;0
EU_T3_P4;Ative;3;4;0;0;0;0;0;0;0;0;0;0;0;0;0;0;0;0;0;0;0;0;0;0;0;98;0;0;0;0;0;0;0;0;0;0;0;0;0;0;0;0;0;0;0;0;0;0;0;0;0;0;0;0;0;0;0;0;0;0;0;0;0;0
