ID;Area;Transect;Parcel;Replica ;Species;Mass_loss; Canopy_opening ;Clorofila;Desvpad_temp
E1A1;Ative;1;1;1;Arau;38.64;23.14;98.37;0.33
E1A3;Ative;1;3;3;Arau;29.97;28.8;98.37;0.33
E1A4;Ative;1;4;4;Arau;36.14;26.53;98.37;0.33
E1E1;Ative;1;1;1;Euca;65.24;19.11;211.7;0.33
E1E2;Ative;1;2;2;Euca;50.83;29.55;211.7;0.33
E1E3;Ative;1;3;3;Euca;47.78;33.32;211.7;0.33
E1I1;Ative;1;1;1;Inga;21.8;17.12;268.37;0.33
E1I2;Ative;1;2;2;Inga;14.83;32.8;268.37;0.33
E1I3;Ative;1;3;3;Inga;26.19;23.97;268.37;0.33
E1I4;Ative;1;4;4;Inga;31.88;38.58;268.37;0.33
E1Z1;Ative;1;1;1;Pinus;15.25;17.56;235.22;0.33
E1Z2;Ative;1;2;2;Pinus;13.13;27.18;235.22;0.33
E1Z3;Ative;1;3;3;Pinus;14.46;41.1;235.22;0.33
E2A1;Ative;2;1;1;Arau;21.58;17.46;270.51;0.33
E2A3;Ative;2;3;3;Arau;36.32;38.31;270.51;0.33
E2A4;Ative;2;4;4;Arau;30.97;19.57;270.51;0.33
E2E3;Ative;2;3;3;Euca;60.18;19.11;79.12;0.33
E2E4;Ative;2;4;4;Euca;52.19;20.56;79.12;0.33
E2I1;Ative;2;1;1;Inga;21.81;23.84;104.78;0.33
E2I2;Ative;2;2;2;Inga;18.17;20.22;104.78;0.33
E2I3;Ative;2;3;3;Inga;15.3;25.42;104.78;0.33
E2I4;Ative;2;4;4;Inga;29.2;27.1;104.78;0.33
E2Z2;Ative;2;2;2;Pinus;21.51;19.48;301.51;0.33
E2Z3;Ative;2;3;3;Pinus;20.1;34.34;301.51;0.33
E2Z4;Ative;2;4;4;Pinus;18.44;23.07;301.51;0.33
E3A1;Ative;3;1;1;Arau;33.87;23.7;326.11;0.33
E3A2;Ative;3;2;2;Arau;36.34;33.8;326.11;0.33
E3E1;Ative;3;1;1;Euca;73.47;12.19;121.89;0.33
E3E2;Ative;3;2;2;Euca;45.22;17.96;121.89;0.33
E3E4;Ative;3;4;4;Euca;59.15;30.89;121.89;0.33
E3I2;Ative;3;2;2;Inga;26.32;10.18;103.71;0.33
E3I3;Ative;3;3;3;Inga;27.44;8.13;103.71;0.33
E3I4;Ative;3;4;4;Inga;26.3;18.38;103.71;0.33
E3Z1;Ative;3;1;1;Pinus;34.51;25.79;60.94;0.33
E3Z2;Ative;3;2;2;Pinus;17;14.31;60.94;0.33
E3Z4;Ative;3;4;4;Pinus;17.57;35.75;60.94;0.33
M1A1;Native;1;1;1;Arau;26.42;10.05;39.56;0.08
M1A3;Native;1;3;3;Arau;33.96;9.23;39.56;0.08
M1A4;Native;1;4;4;Arau;37.79;27.36;39.56;0.08
M1E1;Native;1;1;1;Euca;66.57;10.52;48.11;0.08
M1E3;Native;1;3;3;Euca;65.4;10.19;48.11;0.08
M1E4;Native;1;4;4;Euca;60.97;12.51;48.11;0.08
M1I1;Native;1;1;1;Inga;11.85;13.26;127.23;0.08
M1I2;Native;1;2;2;Inga;24.26;10.17;127.23;0.08
M1I3;Native;1;3;3;Inga;22.73;11.2;127.23;0.08
M1Z2;Native;1;2;2;Pinus;53.01;8.75;52.39;0.08
M1Z3;Native;1;3;3;Pinus;25.59;8.04;52.39;0.08
M1Z4;Native;1;4;4;Pinus;26.36;8.56;52.39;0.08
M2A1;Native;2;1;1;Arau;27.89;10.88;131.51;0.08
M2A2;Native;2;2;2;Arau;37.08;10.79;131.51;0.08
M2A3;Native;2;3;3;Arau;34.43;13.5;131.51;0.08
M2A4;Native;2;4;4;Arau;28.8;14.27;131.51;0.08
M2E1;Native;2;1;1;Euca;48.43;22.6;128.3;0.08
M2E2;Native;2;2;2;Euca;55.93;8.61;128.3;0.08
M2E3;Native;2;3;3;Euca;62.65;23.32;128.3;0.08
M2E4;Native;2;4;4;Euca;56.38;10.64;128.3;0.08
M2I1;Native;2;1;1;Inga;27.65;29.36;72.71;0.08
M2I2;Native;2;2;2;Inga;29.25;10.54;72.71;0.08
M2I3;Native;2;3;3;Inga;29.33;14.15;72.71;0.08
M2I4;Native;2;4;4;Inga;36.64;10.34;72.71;0.08
M2Z1;Native;2;1;1;Pinus;29.49;24.95;41.7;0.08
M2Z2;Native;2;2;2;Pinus;39.08;14.69;41.7;0.08
M2Z4;Native;2;4;4;Pinus;30.97;17.47;41.7;0.08
M3E1;Native;3;1;1;Euca;74.88;8.79;24.59;0.08
M3E2;Native;3;2;2;Euca;49.41;18.94;24.59;0.08
M3E3;Native;3;3;3;Euca;69.13;13.47;24.59;0.08
M3E4;Native;3;4;4;Euca;53.04;11.81;24.59;0.08
M3I1;Native;3;1;1;Inga;22.61;14.14;54.53;0.08
M3I3;Native;3;3;3;Inga;34.56;14.93;54.53;0.08
M3I4;Native;3;4;4;Inga;23.94;13.92;54.53;0.08
M3Z2;Native;3;2;2;Pinus;28.51;8.69;282.27;0.08
M3Z3;Native;3;3;3;Pinus;16.89;9.65;282.27;0.08
P1A2;Abandoned;1;2;2;Arau;32.44;15.99;23.52;0.2
P1A3;Abandoned;1;3;3;Arau;32.9;19.33;23.52;0.2
P1E1;Abandoned;1;1;1;Euca;53.15;13.8;23.52;0.2
P1E2;Abandoned;1;2;2;Euca;62.25;7.48;23.52;0.2
P1E3;Abandoned;1;3;3;Euca;44.1;10.11;23.52;0.2
P1E4;Abandoned;1;4;4;Euca;58.61;19.77;23.52;0.2
P1I2;Abandoned;1;2;2;Inga;53.64;18.21;90.88;0.2
P1I3;Abandoned;1;3;3;Inga;29.67;17.93;90.88;0.2
P1I4;Abandoned;1;4;4;Inga;24.61;6.77;90.88;0.2
P1Z1;Abandoned;1;1;1;Pinus;21.8;13.61;34.21;0.2
P1Z2;Abandoned;1;2;2;Pinus;21;9.19;34.21;0.2
P1Z3;Abandoned;1;3;3;Pinus;26.79;4.61;34.21;0.2
P2A1;Abandoned;2;1;1;Arau;31.01;14.52;101.57;0.2
P2A2;Abandoned;2;2;2;Arau;70.04;20.08;101.57;0.2
P2A3;Abandoned;2;3;3;Arau;34.82;15.31;101.57;0.2
P2A4;Abandoned;2;4;4;Arau;30.68;22.28;101.57;0.2
P2E1;Abandoned;2;1;1;Euca;56.59;15.64;172.14;0.2
P2E2;Abandoned;2;2;2;Euca;40.33;23.43;172.14;0.2
P2E3;Abandoned;2;3;3;Euca;48.3;20.77;172.14;0.2
P2E4;Abandoned;2;4;4;Euca;50.3;18.2;172.14;0.2
P2I1;Abandoned;2;1;1;Inga;24.8;15.97;116.54;0.2
P2I2;Abandoned;2;2;2;Inga;25.05;16.96;116.54;0.2
P2I3;Abandoned;2;3;3;Inga;19.03;22.81;116.54;0.2
P2I4;Abandoned;2;4;4;Inga;19.94;11.73;116.54;0.2
P2Z1;Abandoned;2;1;1;Pinus;14.83;19.95;204.22;0.2
P2Z2;Abandoned;2;2;2;Pinus;10.92;19.96;204.22;0.2
P2Z3;Abandoned;2;3;3;Pinus;28.1;14.41;204.22;0.2
P2Z4;Abandoned;2;4;4;Pinus;18;17.52;204.22;0.2
P3A1;Abandoned;3;1;1;Arau;23.76;12.25;97.3;0.2
P3A3;Abandoned;3;3;3;Arau;31.9;11.96;97.3;0.2
P3E1;Abandoned;3;1;1;Euca;44.12;12.2;62.01;0.2
P3E2;Abandoned;3;2;2;Euca;51.24;12.29;62.01;0.2
P3E3;Abandoned;3;3;3;Euca;67.94;10.27;62.01;0.2
P3I1;Abandoned;3;1;1;Inga;23.78;13.63;63.08;0.2
P3Z1;Abandoned;3;1;1;Pinus;24.5;11.58;50.25;0.2
P3Z2;Abandoned;3;2;2;Pinus;30.44;11.19;50.25;0.2
P3Z3;Abandoned;3;3;3;Pinus;22.67;14.41;50.25;0.2
P3Z4;Abandoned;3;4;4;Pinus;23.64;13.62;50.25;0.2
