ID;Area;Transect;Parcel;Replica;Species;Aranae;Atrichopogon_1;Calliphoridae_1;Ceratopogonidae_1;Ceratopogonidae_2;Clogmia_1;Clogmia_2;Culex_1;Culicoides_1;Curculionidae_1;Curculionidae_aulto_1;Dasyhelea_1;Elmidae_1;Elmidae_2;Elmidae_adulto_1;Empididae_1;Entomobrya_1;Forcipomyia_1;Formicidae;Hebridae_1;Hebridae_2;Hemisotoma_1;Hydracarina_1;Hydracarina_2;Hydracarina_3;Isopode;Katiannidae_1;Lepidocyrtus_1;Limatus_1;Meghimatium_pictum;Mecistogaster_1;Megaselia_1;Megaselia_2;Mesovelidae_1;Nematodea_1;Oligochaeta;Orthocladiinae_1;Orthocladiinae_2;Phoridae_1;Phoridae_2;Phoridae_3;Psychoda_1;Pyrgodesmidae_1;Sarcophagidae_1;Sciomyzidae_1;Sciomyzidae_2;Scirtes_1;Syrphidae_2;Tabanidae_1;Tipulidae_1;Tipulidae_2;Toxorhynchites_1;Wyeomyia_1
E1A1;Ative;1;1;1;Arau;0;0;0;0;0;112;71;0;0;0;0;2;0;0;0;0;0;0;0;0;0;0;0;0;0;1;0;0;0;13;0;0;0;0;0;333;0;0;0;0;0;258;0;0;0;0;0;0;0;0;0;0;0
E1A3;Ative;1;3;3;Arau;0;0;0;0;0;133;210;0;0;0;0;0;0;0;0;0;0;0;0;0;0;10;0;0;0;0;0;0;0;0;0;14;1;0;0;0;0;0;0;0;0;13;0;0;0;0;0;0;0;0;0;0;0
E1A4;Ative;1;4;4;Arau;0;68;0;0;0;1;2;0;23;0;0;46;0;0;0;0;0;0;0;0;0;0;0;0;0;0;0;0;0;0;0;0;0;0;0;0;0;0;4;0;0;3;0;0;0;0;0;0;0;0;0;0;0
E1E1;Ative;1;1;1;Euca;0;4;0;0;0;441;37;0;0;0;0;1;0;0;0;0;0;0;0;0;0;0;0;0;0;0;0;0;0;13;0;1;0;0;0;192;0;0;0;0;0;0;0;0;0;0;0;7;0;0;0;0;0
E1E2;Ative;1;2;2;Euca;0;0;0;0;0;0;0;0;1;0;0;12;0;0;0;0;0;0;1;0;0;0;0;0;0;0;0;0;0;6;0;0;0;0;0;0;0;0;0;0;0;0;0;0;0;0;0;0;0;3;0;0;0
E1E3;Ative;1;3;3;Euca;0;9;0;0;0;9;7;0;0;0;0;0;0;0;0;1;0;0;0;0;0;0;0;0;0;0;0;0;0;2;0;0;0;0;0;0;0;0;0;0;0;0;0;0;15;0;0;0;0;0;0;0;0
E1I1;Ative;1;1;1;Inga;0;0;0;0;0;356;21;0;0;0;0;0;0;0;0;0;0;0;0;0;0;0;0;0;0;0;0;0;0;14;0;0;0;0;0;0;0;0;0;1;0;0;0;0;0;0;0;0;0;0;0;0;0
E1I2;Ative;1;2;2;Inga;0;0;0;0;0;0;97;0;104;0;0;9;0;0;0;0;0;0;0;0;0;0;0;0;0;0;0;0;0;2;0;0;0;0;0;0;0;0;0;0;0;0;0;0;0;0;0;0;0;0;0;1;0
E1I3;Ative;1;3;3;Inga;0;0;0;0;0;19;66;0;0;0;0;12;0;0;0;0;0;0;0;0;0;0;0;0;0;4;0;0;0;0;0;0;0;0;0;0;0;0;0;0;0;127;0;0;0;0;0;0;0;0;0;0;0
E1I4;Ative;1;4;4;Inga;0;0;0;0;0;3;68;0;0;0;0;18;0;0;0;0;0;6;0;0;0;0;0;0;0;0;0;1;0;0;0;0;0;0;0;0;0;0;0;0;0;0;0;0;0;0;0;0;0;0;0;0;0
E1Z1;Ative;1;1;1;Pinus;0;0;0;0;0;18;0;0;1;0;0;0;0;0;0;0;0;0;0;0;0;0;0;0;0;0;0;0;0;11;0;0;0;0;0;0;58;0;0;0;0;13;0;0;0;0;0;0;0;0;0;0;0
E1Z2;Ative;1;2;2;Pinus;0;0;0;0;0;0;6;0;0;0;0;3;0;0;0;0;0;3;0;0;0;0;0;0;0;0;0;0;0;6;0;2;0;0;0;0;0;0;0;0;0;0;0;0;0;0;0;0;0;0;0;0;0
E1Z3;Ative;1;3;3;Pinus;0;0;0;0;0;79;78;0;0;0;0;0;0;0;0;0;0;0;0;0;0;0;0;0;0;0;0;0;0;4;0;0;0;0;0;0;0;0;0;0;0;0;0;0;2;0;0;0;0;0;0;0;0
E2A1;Ative;2;1;1;Arau;1;1;0;0;0;13;11;0;8;0;0;0;0;0;0;0;0;0;0;0;0;0;0;0;0;1;0;0;0;3;0;0;0;0;0;0;0;0;0;0;0;0;0;0;0;0;0;0;0;0;1;0;0
E2A3;Ative;2;3;3;Arau;0;0;0;0;0;20;35;0;0;0;0;0;0;0;0;0;0;0;4;0;0;0;0;0;0;0;0;1;0;0;0;0;0;0;0;0;0;0;0;0;0;0;0;0;0;0;0;0;0;0;1;0;0
E2A4;Ative;2;4;4;Arau;0;0;0;0;0;5;0;0;3;0;0;9;0;0;0;0;0;1;0;0;0;0;0;0;0;0;0;0;0;1;0;0;0;0;0;0;0;0;0;0;0;0;0;0;0;0;0;0;0;0;0;1;0
E2E3;Ative;2;3;3;Euca;0;0;0;0;0;2;3;0;0;0;0;0;0;0;0;0;0;0;0;0;0;0;0;0;0;2;0;0;61;0;0;0;0;0;0;0;0;0;0;0;0;0;0;0;0;0;0;0;0;0;0;0;0
E2E4;Ative;2;4;4;Euca;0;0;0;0;0;23;7;0;0;0;0;0;0;0;0;0;0;0;0;0;0;0;0;0;0;0;0;0;0;0;0;0;0;0;0;39;0;0;1;0;0;0;0;0;0;0;0;0;0;0;0;1;0
E2I1;Ative;2;1;1;Inga;0;0;0;0;0;44;81;0;0;0;0;0;0;0;0;0;0;0;0;0;0;0;0;0;0;10;0;0;0;4;1;0;0;0;0;0;0;0;0;0;0;0;0;0;0;0;0;0;0;0;0;0;0
E2I2;Ative;2;2;2;Inga;0;1;0;0;0;140;281;0;5;0;0;1;0;0;0;0;0;29;0;0;0;0;0;0;0;0;0;0;0;15;0;0;0;0;1;0;0;0;0;0;0;1;0;0;1;0;0;0;0;0;0;1;0
E2I3;Ative;2;3;3;Inga;0;0;0;0;32;12;5;0;0;0;0;0;0;0;0;0;0;1;0;0;0;0;0;0;0;2;0;0;0;2;0;0;2;0;0;188;0;0;0;0;0;0;0;0;0;1;0;0;0;0;0;1;3
E2I4;Ative;2;4;4;Inga;1;0;0;8;0;0;0;0;32;1;1;0;0;0;0;0;0;0;0;0;0;0;0;0;0;0;0;0;0;0;0;0;4;0;1;1;0;0;4;0;0;0;0;0;0;0;0;0;0;0;0;0;0
E2Z2;Ative;2;2;2;Pinus;0;0;0;0;0;135;99;0;0;0;0;0;0;0;0;0;0;0;0;0;0;0;0;0;0;8;0;0;0;1;0;0;0;0;0;0;0;0;0;0;0;0;0;0;0;0;0;0;0;0;0;1;0
E2Z3;Ative;2;3;3;Pinus;0;25;0;0;0;0;6;0;34;0;0;0;0;0;0;0;0;35;0;0;0;7;0;0;0;0;0;0;0;1;0;0;0;0;0;68;0;0;0;0;0;0;0;0;0;0;8;0;0;1;0;1;0
E2Z4;Ative;2;4;4;Pinus;0;0;0;0;0;0;10;0;2;0;0;4;0;0;0;0;0;30;0;0;0;0;0;0;0;0;0;0;0;1;0;0;0;0;0;0;0;0;0;0;0;0;0;0;0;0;3;0;0;0;0;1;0
E3A1;Ative;3;1;1;Arau;0;0;0;0;0;169;32;0;1;0;0;5;0;0;0;0;0;0;0;0;0;0;0;0;0;2;0;0;0;0;0;0;0;0;0;0;0;0;2;0;0;97;0;0;0;0;0;0;0;0;0;0;0
E3A2;Ative;3;2;2;Arau;0;0;0;0;0;91;27;0;0;0;0;0;0;0;0;0;0;0;0;0;0;0;0;0;0;0;0;0;0;1;2;0;0;0;0;0;0;0;0;0;0;0;0;0;0;0;0;0;0;0;0;0;0
E3E1;Ative;3;1;1;Euca;0;0;0;0;0;69;19;0;0;0;0;0;0;0;0;0;0;0;0;0;0;0;0;0;0;3;0;0;0;5;0;0;0;0;0;0;0;0;0;0;0;0;0;0;0;0;0;0;0;0;0;1;0
E3E2;Ative;3;2;2;Euca;0;0;0;0;0;0;0;0;0;0;0;0;0;0;0;0;0;0;0;0;0;0;0;0;0;1;0;0;0;0;0;0;0;0;0;0;0;0;0;0;0;0;0;0;0;0;0;0;0;10;0;1;0
E3E4;Ative;3;4;4;Euca;0;0;0;0;0;15;9;0;0;0;0;4;0;0;0;0;0;0;0;0;0;0;0;0;0;0;0;0;0;2;0;0;0;0;0;0;0;0;0;2;0;0;0;0;0;0;38;0;0;0;0;0;0
E3I2;Ative;3;2;2;Inga;0;0;0;0;0;10;0;0;0;0;0;0;0;0;0;0;0;0;0;0;0;0;0;0;0;1;0;0;0;0;0;0;0;0;0;0;0;0;0;0;0;0;0;0;0;0;0;0;0;0;0;1;0
E3I3;Ative;3;3;3;Inga;0;0;0;0;0;220;0;0;0;0;0;0;0;0;0;0;0;0;0;0;0;0;0;0;0;1;0;0;0;0;0;0;0;0;0;0;1;0;0;0;0;0;0;0;0;0;0;0;0;0;0;1;0
E3I4;Ative;3;4;4;Inga;0;0;0;0;0;70;40;0;22;0;0;0;0;0;0;0;0;0;0;0;0;0;0;0;0;0;0;0;0;1;0;0;0;0;0;0;0;0;0;0;0;0;0;0;0;0;0;0;0;0;0;0;0
E3Z1;Ative;3;1;1;Pinus;0;0;0;0;0;81;0;0;0;0;0;0;0;0;0;0;0;0;0;0;0;0;0;0;0;12;0;0;0;10;2;0;0;0;0;0;0;0;0;0;0;137;0;0;0;0;0;0;0;0;0;1;0
E3Z2;Ative;3;2;2;Pinus;0;0;0;0;0;3;1;0;0;0;0;0;0;0;0;0;0;0;0;0;0;0;0;0;0;0;0;0;0;1;0;0;0;0;0;0;0;0;0;1;0;0;0;0;0;0;0;0;0;4;0;1;0
E3Z4;Ative;3;4;4;Pinus;0;0;0;0;0;2;2;0;0;0;0;0;0;0;0;0;0;0;0;0;0;0;0;0;0;0;0;0;0;2;0;0;0;0;0;0;0;0;0;0;0;0;0;0;0;0;0;0;0;13;0;0;0
M1A1;Native;1;1;1;Arau;0;0;0;0;0;30;28;0;0;0;0;16;0;0;0;0;0;0;0;0;0;0;0;0;0;0;0;0;0;0;0;0;1;0;0;2;0;0;0;0;0;0;0;0;0;0;0;0;0;0;0;0;0
M1A3;Native;1;3;3;Arau;0;0;0;0;0;0;0;0;6;0;0;5;0;0;0;0;0;0;0;0;0;0;0;0;0;0;0;0;0;0;0;0;3;0;1;79;0;0;0;0;0;0;0;0;0;0;0;0;0;0;0;1;0
M1A4;Native;1;4;4;Arau;0;0;0;0;0;0;0;0;0;0;0;4;0;0;0;0;0;0;1;0;0;0;0;0;0;0;0;0;0;0;0;0;1;0;0;23;0;0;0;0;0;0;0;0;0;0;0;0;0;0;0;1;0
M1E1;Native;1;1;1;Euca;0;0;0;0;0;23;48;0;0;0;0;8;0;0;0;0;0;0;0;0;0;0;0;0;0;0;0;0;0;0;0;0;0;1;0;88;0;0;0;0;0;0;0;0;0;0;0;0;0;0;0;0;0
M1E3;Native;1;3;3;Euca;0;0;0;0;0;74;0;0;7;0;0;7;0;0;0;0;0;0;0;0;0;0;0;0;0;0;0;0;0;0;1;0;1;0;0;106;0;0;0;0;0;0;0;1;0;0;0;0;0;0;0;0;0
M1E4;Native;1;4;4;Euca;0;0;0;0;0;0;0;0;8;0;0;5;0;0;0;0;0;0;0;0;0;0;0;0;0;0;0;0;0;0;1;0;0;0;0;0;0;0;0;0;0;0;0;0;0;0;0;0;0;2;0;0;0
M1I1;Native;1;1;1;Inga;0;0;0;0;0;0;0;0;0;0;0;2;0;0;0;0;0;0;0;0;0;0;0;0;0;0;0;0;0;0;1;0;0;0;0;1;0;0;0;0;0;0;0;0;0;0;0;0;0;0;0;1;0
M1I2;Native;1;2;2;Inga;1;0;0;0;0;0;1;0;0;0;0;7;0;0;0;0;0;0;0;0;0;0;0;0;0;0;0;0;0;5;0;0;0;0;0;0;0;0;0;1;0;0;0;0;0;0;0;0;0;0;0;0;0
M1I3;Native;1;3;3;Inga;1;0;0;0;0;0;0;0;0;0;0;101;0;0;0;0;0;0;0;0;0;0;0;0;0;0;0;0;0;0;0;0;3;1;0;0;0;0;1;9;0;0;0;0;0;0;0;0;0;0;0;0;0
M1Z2;Native;1;2;2;Pinus;0;0;0;0;0;0;0;0;1;0;0;0;0;0;0;0;0;0;0;0;0;0;0;0;0;0;0;0;0;0;0;0;0;0;2;4;0;0;0;0;0;0;0;0;0;0;0;0;0;0;0;0;0
M1Z3;Native;1;3;3;Pinus;0;0;0;0;0;0;0;0;0;0;0;37;0;0;0;4;0;0;1;0;0;0;0;0;0;0;0;0;0;0;0;0;0;0;0;0;0;0;1;0;0;0;0;0;0;0;0;0;0;0;0;0;0
M1Z4;Native;1;4;4;Pinus;0;0;0;0;0;0;0;0;37;0;0;31;0;0;0;0;0;0;0;0;0;0;0;0;0;0;0;0;0;0;0;0;0;0;0;0;0;0;0;0;0;0;0;0;0;0;0;0;0;0;0;2;0
M2A1;Native;2;1;1;Arau;0;0;0;0;0;54;0;0;0;0;0;7;0;0;0;1;0;0;0;0;0;0;0;0;0;0;0;0;0;0;0;0;0;0;0;0;0;0;0;0;0;0;0;0;0;0;0;0;0;0;0;0;0
M2A2;Native;2;2;2;Arau;0;0;0;0;0;0;0;0;0;0;0;4;0;0;0;0;0;0;0;0;0;0;0;0;0;0;0;1;0;0;0;1;1;0;0;7;0;0;0;2;0;0;0;0;0;0;0;0;0;0;0;0;0
M2A3;Native;2;3;3;Arau;0;0;0;0;0;77;0;0;12;0;0;12;0;0;0;0;0;0;0;0;0;0;0;0;0;0;0;0;0;1;1;0;0;0;0;1;0;0;0;1;0;0;0;0;0;0;0;0;0;0;0;0;0
M2A4;Native;2;4;4;Arau;0;0;0;0;0;0;0;0;0;0;0;0;0;0;0;0;0;2;0;0;0;0;0;0;0;0;0;0;0;1;0;0;2;0;1;0;0;0;0;1;0;0;0;1;0;0;0;0;0;0;0;0;0
M2E1;Native;2;1;1;Euca;0;0;1;0;0;12;0;0;54;0;0;133;0;0;0;0;0;11;0;0;0;0;0;0;0;0;0;0;0;0;0;0;1;0;0;0;2;0;0;0;0;0;0;0;0;0;0;0;1;0;0;0;0
M2E2;Native;2;2;2;Euca;0;0;0;0;0;1;0;0;4;0;0;3;0;0;0;0;0;8;0;0;0;0;0;0;0;0;0;0;0;0;0;0;0;0;0;8;0;0;0;0;0;0;0;0;1;0;0;0;0;5;0;1;0
M2E3;Native;2;3;3;Euca;0;0;0;0;0;0;0;0;15;0;0;0;0;0;0;0;0;4;0;0;0;0;0;0;0;0;0;0;0;1;0;0;0;0;0;14;0;0;0;0;0;0;0;0;0;0;0;0;0;3;0;0;0
M2E4;Native;2;4;4;Euca;0;0;0;0;0;1;0;0;11;0;0;3;0;0;0;0;0;9;0;0;0;0;0;0;0;0;0;0;0;0;0;0;0;0;0;232;2;0;0;0;0;0;0;0;0;0;0;0;0;0;0;0;0
M2I1;Native;2;1;1;Inga;0;0;0;0;0;10;0;0;1;1;0;12;0;0;0;0;0;0;1;0;0;0;0;0;0;0;0;0;0;0;1;0;2;0;0;0;0;0;0;0;0;0;0;0;0;0;0;0;0;0;0;0;0
M2I2;Native;2;2;2;Inga;0;0;0;0;0;0;0;0;0;0;0;0;0;0;0;0;0;0;0;0;0;0;0;0;0;0;0;0;0;0;9;0;0;0;0;12;0;0;0;0;0;0;0;0;0;0;0;0;0;25;0;1;0
M2I3;Native;2;3;3;Inga;0;0;0;0;0;26;0;0;11;0;0;6;0;0;0;0;0;0;0;0;0;0;1;0;0;0;0;0;0;1;1;1;3;0;0;25;1;0;0;1;1;0;0;0;0;0;0;0;0;0;0;0;0
M2I4;Native;2;4;4;Inga;0;0;0;0;0;0;0;0;53;0;0;0;0;0;0;0;1;2;0;0;0;0;0;0;0;0;0;2;0;0;0;0;1;0;0;0;0;0;0;0;0;0;0;0;0;0;0;0;0;0;0;0;0
M2Z1;Native;2;1;1;Pinus;0;0;0;0;0;0;0;0;3;0;0;10;0;0;0;0;0;6;0;0;0;0;0;0;0;0;0;0;0;0;0;0;0;0;0;0;0;0;0;0;0;0;0;0;0;0;0;0;0;0;0;0;0
M2Z2;Native;2;2;2;Pinus;0;0;0;0;0;0;0;0;2;0;0;17;0;1;0;0;0;0;0;0;0;0;0;0;0;0;0;0;0;0;7;0;1;0;0;0;0;0;0;2;0;0;0;0;0;0;0;0;0;0;0;0;0
M2Z4;Native;2;4;4;Pinus;0;0;0;0;0;0;0;0;0;0;0;0;0;0;0;0;0;1;0;0;0;0;0;0;0;0;0;0;0;3;0;0;3;0;0;0;0;0;0;1;0;0;0;0;0;0;0;0;0;0;0;0;0
M3E1;Native;3;1;1;Euca;0;0;0;0;0;0;0;0;0;0;0;0;0;0;0;0;0;0;0;0;0;0;0;0;0;0;0;0;0;0;1;0;0;0;0;118;0;0;1;0;0;0;0;0;0;0;0;0;0;0;0;0;0
M3E2;Native;3;2;2;Euca;0;0;0;0;0;0;0;0;55;0;0;0;0;0;0;0;0;0;0;0;0;0;0;0;0;0;0;0;0;0;1;0;0;0;0;0;1;0;0;0;0;0;0;0;0;0;0;0;0;0;0;0;0
M3E3;Native;3;3;3;Euca;0;0;0;0;0;7;36;0;9;0;0;0;0;0;0;0;0;0;0;0;0;0;0;0;0;0;0;0;0;0;1;0;0;0;1;0;0;0;0;0;0;0;0;0;0;0;0;0;0;0;0;0;0
M3E4;Native;3;4;4;Euca;0;0;0;0;0;28;0;0;0;0;0;0;0;0;0;0;0;0;0;0;0;0;0;0;0;0;0;0;0;0;1;0;0;0;0;21;0;0;1;0;0;0;0;0;0;0;0;0;0;0;0;1;0
M3I1;Native;3;1;1;Inga;0;0;0;1;0;0;0;0;0;0;0;0;0;0;0;0;0;0;1;0;0;0;0;0;0;0;0;0;0;0;0;0;1;0;0;10;3;0;0;0;0;0;0;0;0;0;0;0;0;0;0;0;0
M3I3;Native;3;3;3;Inga;0;0;0;0;0;0;2;0;18;0;0;8;0;0;0;0;0;0;0;0;0;0;0;0;0;0;0;0;0;0;0;0;2;0;0;10;0;0;0;0;0;0;0;0;0;0;0;0;0;0;0;0;0
M3I4;Native;3;4;4;Inga;0;0;0;0;0;0;0;0;0;0;0;0;8;0;0;0;0;0;0;0;0;0;0;0;1;0;0;0;0;0;0;0;2;0;0;0;0;0;0;2;0;0;0;0;0;0;0;0;0;0;0;0;0
M3Z2;Native;3;2;2;Pinus;0;0;0;0;0;0;0;0;0;0;0;9;0;0;0;0;0;0;0;0;0;0;0;0;0;0;0;0;0;0;0;0;1;0;1;2;0;0;1;0;0;0;0;0;0;0;0;0;0;0;0;0;0
M3Z3;Native;3;3;3;Pinus;0;0;0;0;0;0;0;0;0;0;0;3;0;0;0;0;0;0;0;0;0;0;0;0;0;0;0;0;0;0;0;0;1;0;0;98;1;0;0;0;0;0;0;0;0;0;0;0;1;0;0;0;0
P1A2;Abandoned;1;2;2;Arau;0;0;0;0;0;0;0;0;0;0;0;2;0;0;0;0;0;0;0;0;0;0;0;0;0;0;0;0;0;0;2;0;0;0;0;7;0;0;1;0;0;0;0;0;0;0;0;0;0;0;0;0;0
P1A3;Abandoned;1;3;3;Arau;0;0;0;0;0;0;0;0;10;0;0;0;0;0;0;0;0;0;0;0;0;0;0;0;0;0;0;0;0;0;0;0;0;0;0;1;0;0;0;0;0;0;0;0;0;0;0;0;0;6;0;0;0
P1E1;Abandoned;1;1;1;Euca;0;0;0;0;0;0;0;0;0;0;0;0;0;0;0;0;0;0;0;0;0;0;0;0;0;0;0;0;0;0;0;0;0;0;0;0;19;0;0;0;0;0;0;0;0;0;0;0;0;2;0;2;0
P1E2;Abandoned;1;2;2;Euca;0;0;0;0;0;11;10;0;132;0;0;1;0;0;0;0;0;0;0;0;0;0;0;0;0;0;0;0;0;0;0;0;0;0;0;0;0;0;1;0;0;0;0;0;0;0;0;0;0;0;0;0;0
P1E3;Abandoned;1;3;3;Euca;0;0;0;0;0;0;0;0;0;0;0;1;0;0;1;0;0;0;0;0;1;0;0;0;0;0;0;0;0;0;1;0;0;0;0;0;0;0;0;0;0;0;1;0;0;0;0;0;0;0;0;0;0
P1E4;Abandoned;1;4;4;Euca;0;0;0;0;0;0;0;1;0;0;0;5;0;0;0;0;0;0;3;0;0;0;0;0;0;0;0;0;0;0;0;0;0;0;0;45;2;0;0;0;0;0;0;0;0;0;0;0;0;0;0;0;0
P1I2;Abandoned;1;2;2;Inga;0;0;0;0;0;0;0;0;24;0;0;9;0;0;0;0;1;0;0;0;0;0;0;0;0;0;0;0;0;0;0;0;0;0;0;0;0;0;0;0;0;0;0;0;0;0;0;0;0;4;0;1;0
P1I3;Abandoned;1;3;3;Inga;0;0;0;0;0;0;0;0;0;0;0;6;0;0;0;0;0;0;0;0;0;0;0;0;0;0;0;0;0;0;0;0;0;0;0;25;6;0;0;0;0;0;0;0;0;0;0;0;0;0;0;0;0
P1I4;Abandoned;1;4;4;Inga;0;0;0;0;0;0;0;0;0;0;0;0;0;1;0;0;0;0;1;0;0;0;0;0;0;0;0;0;0;0;0;0;0;0;0;0;0;0;1;0;0;0;0;0;0;0;0;0;0;0;0;0;0
P1Z1;Abandoned;1;1;1;Pinus;0;0;0;0;0;0;0;0;0;0;0;2;0;0;0;0;0;0;0;0;0;0;0;0;0;0;0;1;0;0;6;0;0;0;0;75;0;0;2;0;0;0;0;0;0;0;0;0;0;0;0;0;0
P1Z2;Abandoned;1;2;2;Pinus;0;0;0;0;0;0;0;0;29;0;0;0;0;0;0;0;0;0;0;0;0;0;0;0;0;0;0;0;0;0;0;0;0;0;0;55;1;0;1;0;0;0;0;0;0;0;0;0;0;0;0;1;2
P1Z3;Abandoned;1;3;3;Pinus;0;0;0;0;0;0;0;0;0;0;0;0;0;0;0;0;1;0;0;0;0;1;0;0;0;0;0;0;0;0;0;0;0;0;0;7;0;0;0;0;0;0;0;0;0;0;0;0;0;2;0;0;0
P2A1;Abandoned;2;1;1;Arau;0;1;0;0;0;0;0;0;23;0;0;5;0;0;0;0;0;0;0;0;0;0;0;0;0;0;0;0;0;2;0;2;1;0;0;0;0;0;0;0;0;0;0;0;0;0;0;0;0;0;0;0;0
P2A2;Abandoned;2;2;2;Arau;0;3;0;0;0;0;0;0;1;0;0;1;0;0;0;0;0;0;0;0;0;0;0;0;0;0;0;0;0;6;0;1;1;0;0;0;0;0;0;0;0;0;0;0;0;0;0;0;0;0;0;0;0
P2A3;Abandoned;2;3;3;Arau;0;0;0;0;0;13;0;0;91;0;0;15;0;0;0;0;0;0;1;0;0;1;0;0;0;0;0;0;0;4;0;0;0;0;0;1;1;0;0;0;0;0;0;0;0;0;0;0;0;0;0;1;0
P2A4;Abandoned;2;4;4;Arau;0;31;0;0;0;0;0;0;0;0;0;15;0;0;0;1;0;0;0;0;1;0;0;0;0;0;0;0;0;4;0;4;0;0;0;2;1;0;0;0;0;0;1;0;0;0;0;0;0;0;0;0;0
P2E1;Abandoned;2;1;1;Euca;0;0;0;0;0;29;0;0;0;0;0;1;0;0;0;0;1;0;0;0;0;0;0;0;0;0;0;0;0;0;0;0;1;0;0;6;0;0;0;0;0;0;0;0;0;0;0;0;0;0;0;0;0
P2E2;Abandoned;2;2;2;Euca;0;0;0;0;0;0;0;0;2;0;0;56;0;0;0;0;0;0;1;0;0;0;0;0;0;0;0;0;0;2;0;0;0;0;0;0;3;0;0;0;0;0;0;0;0;0;0;0;0;0;0;0;0
P2E3;Abandoned;2;3;3;Euca;0;0;0;0;0;77;0;0;2;0;0;62;0;0;0;0;0;0;0;0;0;0;0;0;0;0;0;0;0;8;0;0;0;0;0;421;1;0;0;1;0;0;0;0;0;0;0;0;0;0;0;0;0
P2E4;Abandoned;2;4;4;Euca;0;3;0;0;0;3;0;0;119;0;0;39;0;0;0;0;0;0;0;0;0;0;0;0;1;0;1;0;0;7;0;0;0;0;0;0;0;0;0;0;0;0;1;0;0;0;0;0;0;0;0;0;0
P2I1;Abandoned;2;1;1;Inga;0;0;0;0;0;13;0;0;127;0;0;18;0;0;0;0;0;6;1;0;0;0;0;0;0;0;0;0;0;0;0;0;0;0;0;106;15;0;0;0;0;0;0;0;0;0;0;0;0;0;0;0;0
P2I2;Abandoned;2;2;2;Inga;0;0;0;0;0;21;0;0;61;0;0;44;0;0;0;0;0;0;4;0;0;0;0;0;0;0;0;0;0;10;0;0;0;0;0;0;3;543;0;0;0;0;0;0;0;0;0;0;0;0;0;0;0
P2I3;Abandoned;2;3;3;Inga;1;61;0;0;0;0;0;0;181;0;0;4;0;0;0;0;0;0;0;0;0;0;0;0;0;0;0;0;0;8;0;0;0;0;0;16;0;0;0;0;0;0;1;0;0;0;0;0;0;0;0;0;0
P2I4;Abandoned;2;4;4;Inga;0;1;0;0;0;0;0;0;1;0;0;0;0;0;0;0;0;0;0;0;0;0;0;0;0;0;0;0;0;3;0;0;0;0;0;1;0;0;0;0;0;0;0;0;0;0;0;0;0;0;0;0;0
P2Z1;Abandoned;2;1;1;Pinus;0;12;0;0;0;0;0;0;0;0;0;32;0;0;0;0;0;0;0;0;0;0;0;0;0;0;0;0;0;0;0;0;0;0;0;0;6;0;0;0;0;0;0;0;0;0;0;0;0;0;0;0;0
P2Z2;Abandoned;2;2;2;Pinus;0;0;0;0;0;0;0;0;1;0;0;16;0;0;0;0;0;0;0;0;0;0;0;0;0;0;0;0;0;3;0;0;0;0;0;296;250;0;0;0;0;0;0;0;0;0;0;0;0;0;0;0;0
P2Z3;Abandoned;2;3;3;Pinus;0;55;0;0;0;0;0;0;7;0;0;1;0;0;0;1;0;0;0;3;0;0;0;0;0;0;0;0;0;10;0;0;0;0;0;117;35;0;0;0;0;0;1;0;0;0;0;0;0;0;0;0;0
P2Z4;Abandoned;2;4;4;Pinus;0;0;0;0;0;0;0;0;17;0;0;7;0;0;0;0;0;0;0;0;0;0;0;0;0;0;0;0;0;5;1;0;0;0;0;0;0;0;0;0;0;0;0;0;0;0;0;0;0;0;0;1;0
P3A1;Abandoned;3;1;1;Arau;0;1;0;0;0;0;0;0;5;0;0;3;0;0;0;0;0;0;0;3;0;1;0;0;0;1;0;0;0;3;0;0;0;0;0;0;0;0;0;0;0;0;0;0;0;0;0;0;0;0;0;0;0
P3A3;Abandoned;3;3;3;Arau;0;0;0;0;0;0;0;0;26;0;0;4;0;0;0;0;0;0;0;0;0;0;0;0;0;0;0;1;0;1;0;0;0;0;0;0;0;0;0;0;0;0;0;0;0;0;0;0;0;0;0;0;0
P3E1;Abandoned;3;1;1;Euca;1;0;0;0;0;0;0;0;7;0;0;13;0;0;0;3;0;0;1;0;0;0;0;0;0;0;0;0;0;1;0;0;0;0;0;0;0;0;0;0;0;0;0;0;0;0;0;0;0;0;0;0;0
P3E2;Abandoned;3;2;2;Euca;0;0;0;0;0;121;0;0;1;0;0;0;0;0;0;0;0;0;0;0;0;0;0;0;0;0;0;1;0;0;0;29;0;0;0;7;0;0;0;0;0;15;0;0;0;0;0;0;0;0;0;0;0
P3E3;Abandoned;3;3;3;Euca;0;0;0;0;0;0;0;0;4;0;0;0;0;0;0;0;0;0;0;0;0;0;0;0;0;0;0;0;0;0;0;0;0;0;0;18;1;0;0;0;0;0;0;0;0;0;0;0;0;0;0;0;0
P3I1;Abandoned;3;1;1;Inga;0;0;0;0;0;50;0;0;34;0;0;0;0;0;0;0;0;0;0;0;0;0;0;1;0;0;0;0;0;3;1;0;0;0;0;142;0;0;0;0;0;0;0;0;0;0;1;0;0;0;0;0;0
P3Z1;Abandoned;3;1;1;Pinus;0;0;0;0;0;0;0;0;2;0;0;2;0;0;0;0;1;0;0;0;0;0;0;0;0;0;0;0;0;3;0;0;2;0;0;0;0;0;0;1;0;0;0;0;0;0;0;0;0;0;0;0;0
P3Z2;Abandoned;3;2;2;Pinus;0;0;0;0;0;0;0;0;0;0;0;0;0;0;0;0;0;0;0;0;0;0;0;0;0;0;0;0;0;1;0;0;0;0;0;12;0;0;0;1;0;0;0;0;0;0;0;0;0;4;0;0;0
P3Z3;Abandoned;3;3;3;Pinus;0;0;0;0;0;0;0;0;0;0;0;0;0;0;0;7;0;0;0;0;0;0;0;0;0;0;0;0;0;0;0;1;1;0;0;0;3;0;0;0;0;0;0;0;0;0;0;0;0;0;0;0;0
P3Z4;Abandoned;3;4;4;Pinus;0;0;0;0;0;0;0;0;0;0;0;1;0;0;0;0;0;0;0;0;0;0;0;0;0;1;0;0;0;0;0;0;1;0;0;0;0;0;0;0;0;0;0;0;0;0;0;0;0;0;0;0;0
